{
  "generated_at": "2025-07-02T11:14:48.038131Z",
  "decay_half_life": 120,
  "weights": [
    0.0, 0.974034687460712, 0.9495124543366611, 1.2113306056064925,
    1.0565464176564812, 1.0904799128129552, 0.9785924457728201,
    0.9624116519790978, 0.9747923317808084, 1.0955513081124522,
    0.8588714558206827, 0.8091908131403206, 1.0967625594901558,
    1.0264824662423857, 0.9649944989840085, 0.9020464235293557,
    0.9297202007419066, 1.134772215876389, 1.0076994085874158, 1.05695198462414,
    0.813816506075371, 1.416282539696054, 1.104197362914196, 0.9294075877678054,
    1.077884158474733, 0.9391383652369066, 1.0507843951791345,
    1.0552451952649733, 1.0271718878164275, 1.0201760484039148,
    1.2144814517062763, 0.9863983242836598, 1.2018729943357982,
    1.0020522173846824, 0.9457627273092144, 0.8076073310221494,
    0.9486475623800386, 1.1435099716229775, 0.9931517928905186,
    1.1241994548444145, 0.868152205382971, 0.8736273498348619,
    0.9054839548827288, 0.9942286671040192, 1.005073204568257,
    1.094565142800877, 0.6065576246941936, 0.7697801335676134
  ]
}
