{
  "generated_at": "2025-07-02T11:14:48.579380Z",
  "decay_half_life": 120,
  "weights": [
    0.0, 1.2408320804063122, 1.2314827320543313, 1.3900787842558415,
    1.1765544210975258, 1.2312826055747275, 1.4574012452317904,
    1.4381261801723046, 1.1408511294002004, 1.532519708464267,
    1.3020802620207763, 1.3970630144145892, 1.368617481579726,
    1.0953030302664697, 1.2935072302831274, 1.1723104550339754,
    1.2499398341341568, 1.3146373505774582, 1.3870481708155071,
    1.3595898152636523, 1.2538495164881456, 1.2636880681153568,
    1.201074517397511, 1.4509716640617218, 1.248026587283255,
    1.1606270724189223, 1.1539653127361171, 1.0970145698358584,
    1.148711287662242, 0.9810429802886123, 1.4475929224202444,
    1.1835814257907484, 1.3630174090452203, 1.153652989110472,
    1.3287655157109455, 1.2019372154021695, 0.119141152595569,
    0.0955329920495684, 0.11881682243380264, 0.0842993413079201,
    0.08506740364863871, 0.0159682327504733, 0.018056431144208913,
    0.013379199757761261, 0.018043898820079663, 0.014949940677692519
  ]
}
