{
  "generated_at": "2025-07-02T11:14:47.411382Z",
  "decay_half_life": 120,
  "weights": [
    0.0, 1.2708429822832783, 0.7965415324668635, 1.0659950119675592,
    0.7084379699155703, 0.9624203392163931, 1.2563751354278785,
    1.0154749418767584, 1.2037940198550476, 0.8650968337727836,
    1.0921510035179725, 1.2623111010111103, 1.0291228526598455,
    1.1011394403731176, 0.8148587557897127, 1.057268953108222,
    1.0578661602352581, 0.9980309773629529, 1.0122937172473148,
    0.9912438200041702, 0.824887648638399, 1.0444137816382426,
    0.9940341070024354, 1.066955449897687, 1.0036526568463373,
    0.8259771077401759, 0.9153043578117999, 0.8710310229613538,
    0.7793832831094485, 1.1231454021267264, 1.094392302479545,
    0.9101037570395866, 1.0649608341803076, 0.772760200746005,
    1.091219267458453, 0.992814469046004, 0.8026202483632474,
    1.1873266547517398, 1.0727861084442833, 1.0915362088157339,
    0.8304733699605314, 1.007197460461199, 1.2922138042701232,
    0.8222990021725463, 0.891393619129346, 1.0658523268169318
  ]
}
