{
  "generated_at": "2025-07-02T11:14:50.482758Z",
  "decay_half_life": 120,
  "weights": [
    0.0, 0.8585527636234606, 0.9991870420311534, 0.8012283402547227,
    0.9869293053008941, 1.0629744670570358, 0.7775033575545827,
    0.8570079514027301, 0.8932251497738164, 0.9598274629705715,
    1.0093268483044806, 0.8866311579795143, 1.1038033759402843,
    1.044160218555532, 0.8669397767380129, 1.2408421771082139,
    0.911721782211217, 1.0795582446083505, 1.1644898467590001,
    1.018447192947489, 1.200548656773574, 0.9596695124927801,
    0.8638867670619984, 0.9489356668761243, 1.0359997513015025,
    1.0719693537970096, 1.2447925061664113, 0.9719667657516404,
    1.0519951461540955, 0.9223124049183546, 1.050132133415644,
    0.8872214871844819, 1.1730922283567873, 0.7238986137622028,
    1.0298350993341918, 1.1019476576609077, 0.8527287761900825,
    1.114577484111865, 1.2452251270039485, 1.0060943770486983,
    1.090950584679562, 1.1545228144468018, 1.0883357573889005,
    0.8424436955537484, 0.8445611714476121
  ]
}
