{
  "generated_at": "2025-07-02T11:14:48.781913Z",
  "decay_half_life": 120,
  "weights": [
    0.0, 0.863071332158536, 0.9209067080452951, 0.8779979768991242,
    1.0066260131283056, 1.1493635529235444, 1.252199792930614,
    1.1415575334063222, 0.8750625689177757, 0.7894520746213782,
    0.9642378219329691, 1.129097479202328, 1.039738926587896,
    0.7067616697076705, 0.9437551516474523, 1.2340233771494749,
    0.9045800930837438, 1.1103463502040176, 0.7574297189546272,
    0.9385833431079448, 1.1897587753050713, 0.9049003287977245,
    0.9506280265061993, 0.8852118512226841, 1.1749566216530198,
    1.0797822586275914, 1.1652797749426578, 1.0028882815069748,
    0.9660482430621448, 1.34186007502246, 0.9708518088882753,
    1.0495034875250537, 1.0740888645723152, 0.613642650974243,
    0.947251128594305, 1.3572043588582554, 1.3590830044754272,
    1.0577507646522724, 0.8028292996373004, 1.058506856540432,
    0.7790269068919725, 1.1766459902199076, 1.0256315997757917,
    0.9379135460459285, 0.7806625006493779, 0.7433015104435976
  ]
}
